{"posicion":{"x":-58.42953872680664,"y":-0.05733442306518555,"z":54.698143005371097},"puntos":0,"vida":100}