{"posicion":{"x":-39.9405403137207,"y":-0.057334184646606448,"z":41.013362884521487},"puntos":0,"vida":100}