{"posicion":{"x":-75.25727844238281,"y":-0.057334184646606448,"z":78.56048583984375},"puntos":165,"vida":100}