{"posicion":{"x":-23.135793685913087,"y":-0.011466741561889649,"z":19.23403549194336},"puntos":165,"vida":100}